{"bounds":{"east":116.887321472168,"north":41.0603713989258,"south":40.2322769165039,"west":116.276206970215},"contentType":"quantizedmesh","latLonBounds":{"east":116.887321472168,"north":41.0603713989258,"south":40.2322769165039,"west":116.276206970215},"maxzoom":12,"minzoom":0,"proj":4326,"tiletrans":"tms","type":"terrain","ziped":false}