{"bounds":{"east":116.886857402859,"north":41.060676703,"south":40.2342988343477,"west":116.283982647},"contentType":"image/png","generatetool":"cesiumlab3@www.cesiumlab.com/imagetiler","latLonBounds":{"east":116.886857402859,"north":41.060676703,"south":40.2342988343477,"west":116.283982647},"maxzoom":12,"minzoom":0,"proj":4326,"tilesize":256,"tiletrans":"tms","type":"image","ziped":false}